{
  "training_config": {
    "DATA_ROOT": "./LogoDet-3K",
    "TRAIN_IMAGES": "./LogoDet-3K\\train",
    "VAL_IMAGES": "./LogoDet-3K\\val",
    "TEST_IMAGES": "./LogoDet-3K\\test",
    "ANNOTATION_FILE": "./LogoDet-3K\\annotations.json",
    "OUTPUT_DIR": "./outputs",
    "CHECKPOINT_DIR": "./outputs\\checkpoints",
    "LOG_DIR": "./outputs\\logs",
    "IMG_SIZE": 224,
    "EMBEDDING_DIM": 512,
    "NUM_CLASSES": 2984,
    "IS_TEST": true,
    "SAMPLE_SIZE": 50000,
    "USE_FULL_CLASSES": false,
    "ARCFACE_S": 64.0,
    "ARCFACE_M": 0.5,
    "BATCH_SIZE": 64,
    "NUM_WORKERS": 0,
    "NUM_EPOCHS": 100,
    "LEARNING_RATE": 0.001,
    "WEIGHT_DECAY": 0.0005,
    "EARLY_STOPPING_PATIENCE": 100,
    "MAX_SAMPLES_PER_CLASS": 500,
    "USE_CLASS_WEIGHTS": true,
    "LABEL_SMOOTHING": 0.1,
    "USE_AMP": true,
    "SAVE_EVERY_N_EPOCHS": 5,
    "SAVE_BEST_ONLY": true
  },
  "training_history": {
    "train_loss": [
      2.2662476108551024,
      2.08715348072052,
      1.9965568523406982,
      1.9337075702667237,
      1.8872638689041137,
      1.849694810295105,
      1.8116270044326783,
      1.7795130075454713,
      1.756159524345398,
      1.7440334396362305,
      1.7219830972671508,
      1.6967862466812134,
      1.6790972793579102,
      1.65909723777771,
      1.6424728078842163,
      1.623372046470642,
      1.6134778324127197,
      1.6091161682128907,
      1.6020642192840575,
      1.6063806213378906,
      1.6033229818344117,
      1.6086692041397095,
      1.6099894752502442,
      1.6144061159133911,
      1.6116416339874267,
      1.6087190279006958,
      1.6034359031677246,
      1.5885119953155518,
      1.5856172603607177,
      1.5750875118255616,
      1.5652589502334595,
      1.55188508644104,
      1.540021330833435,
      1.5312024295806885,
      1.521275482559204,
      1.516396314048767,
      1.5038475992202758,
      1.496252341079712,
      1.492574797439575,
      1.4896208290100097,
      1.4767172763824463,
      1.4719968452453613,
      1.468275121498108,
      1.4600967905044555,
      1.4583228940963746,
      1.453734384727478,
      1.4471181711196899,
      1.4477253744125367,
      1.4349695405960083,
      1.435962148284912,
      1.4322182907104493,
      1.428042258644104,
      1.4227517459869385,
      1.4192290605545044,
      1.4196618333816529,
      1.4148728244781494,
      1.4103997873306275,
      1.4062343244552613,
      1.409097989654541,
      1.4035719617843627,
      1.4017685108184814,
      1.394913957977295,
      1.396313198852539,
      1.3914529134750366,
      1.391111759185791,
      1.3884444267272948,
      1.3878786838531494,
      1.3851891389846802,
      1.3840884338378907,
      1.3815724655151367,
      1.3757252952575683,
      1.3764639059066772,
      1.3720001035690308,
      1.3730528703689575,
      1.3709883491516113,
      1.3713007720947266,
      1.363886386680603,
      1.3645666927337647,
      1.3638433856964112,
      1.3613148956298828,
      1.358966498184204,
      1.3567437419891357,
      1.3579944494247436,
      1.356209806251526,
      1.3516626287460327,
      1.3526070980072022,
      1.3527491971969605,
      1.3496071062088013,
      1.3499921422958374,
      1.3494084587097168,
      1.3453724632263184,
      1.3457057357788087,
      1.3433556768417358,
      1.343135573577881,
      1.3412468454360962,
      1.341019027709961,
      1.3367255893707275,
      1.3373306999206542,
      1.338510120201111,
      1.3377633291244506
    ],
    "train_acc": [
      80.0375,
      84.5125,
      86.66,
      87.7875,
      88.9375,
      89.7175,
      90.67,
      91.3725,
      91.885,
      91.8625,
      92.4875,
      93.115,
      93.31,
      93.6225,
      94.0225,
      94.3025,
      94.5475,
      94.3575,
      94.6,
      94.3625,
      94.39,
      94.095,
      94.1475,
      94.0675,
      93.995,
      94.0225,
      94.1325,
      94.425,
      94.4275,
      94.47,
      94.765,
      95.015,
      95.3,
      95.2575,
      95.45,
      95.4875,
      95.8,
      95.745,
      95.9025,
      95.9825,
      96.0475,
      96.17,
      96.0725,
      96.22,
      96.14,
      96.315,
      96.35,
      96.3825,
      96.4975,
      96.4825,
      96.48,
      96.56,
      96.475,
      96.6975,
      96.5725,
      96.695,
      96.6275,
      96.7975,
      96.69,
      96.77,
      96.715,
      96.96,
      96.86,
      97.01,
      96.96,
      96.995,
      96.8625,
      96.9175,
      96.91,
      96.9,
      97.045,
      96.975,
      97.1725,
      97.02,
      97.1125,
      96.9625,
      97.1025,
      97.16,
      97.0875,
      97.155,
      97.205,
      97.2575,
      97.1925,
      97.1425,
      97.29,
      97.2525,
      97.24,
      97.2525,
      97.3,
      97.195,
      97.2975,
      97.2875,
      97.2975,
      97.3325,
      97.3125,
      97.3925,
      97.495,
      97.4575,
      97.305,
      97.335
    ],
    "val_loss": [
      2.619733464050293,
      2.5273077377319337,
      2.4791382789611816,
      2.444776434326172,
      2.4066806694030762,
      2.3801990211486816,
      2.3559742080688477,
      2.346405906677246,
      2.326841986465454,
      2.3185540294647216,
      2.2982286094665527,
      2.2877008506774903,
      2.262125938796997,
      2.260666005706787,
      2.268115174484253,
      2.2493925884246826,
      2.2378552909851073,
      2.2284370361328123,
      2.23596473236084,
      2.2115791702270506,
      2.218132318878174,
      2.2705113361358644,
      2.278339263153076,
      2.2858410415649413,
      2.2468687118530273,
      2.2048982933044434,
      2.197058055496216,
      2.162736852264404,
      2.155858724975586,
      2.206117894744873,
      2.2256714988708497,
      2.197373736953735,
      2.15153671836853,
      2.145284035873413,
      2.126074256134033,
      2.1064691120147705,
      2.100657344055176,
      2.1226892169952394,
      2.149860340118408,
      2.1225093940734863,
      2.104144256591797,
      2.0914632354736327,
      2.076681743621826,
      2.061744332885742,
      2.0489706954956053,
      2.074311070251465,
      2.0930679615020753,
      2.080078102493286,
      2.0504431701660155,
      2.040050531005859,
      2.0413926666259767,
      2.0308262382507323,
      2.0293673751831056,
      2.0564100639343263,
      2.0656812465667724,
      2.0368938247680664,
      2.026290972900391,
      2.0141334419250487,
      2.0218362716674805,
      1.9998479759216308,
      2.0146083511352537,
      2.029908938598633,
      2.0286054275512697,
      2.0261510848999023,
      2.0104195274353027,
      2.011698099899292,
      2.0035434242248535,
      1.995224845123291,
      1.9927802524566651,
      2.006594395065308,
      2.0206534614562988,
      2.0068684673309325,
      1.9966234390258788,
      1.9938292274475098,
      1.9868044635772706,
      1.97501512298584,
      1.9814173080444335,
      2.0053137176513673,
      2.011650551223755,
      2.000175018310547,
      1.9927513702392579,
      1.9774207626342772,
      1.9843628433227538,
      1.9717828830718993,
      1.9703816719055176,
      1.980026452255249,
      1.9918801414489746,
      2.002039236831665,
      1.9817166069030763,
      1.9695447731018065,
      1.9684543853759766,
      1.960487274169922,
      1.9669107131958008,
      1.985321912384033,
      1.9707990211486817,
      1.9826987701416015,
      1.9694537738800049,
      1.9718593673706055,
      1.9696029083251954,
      1.9589749443054199
    ],