{
  "training_config": {
    "task": "detect",
    "mode": "train",
    "model": "yolov8n.pt",
    "data": "logodet3k_yolo/data.yaml",
    "epochs": 40,
    "batch_size": 32,
    "image_size": 640,
    "device": "0",
    "workers": 2,
    "project_name": "logodet3k_yolov8s_baseline50",
    "pretrained": true,
    "optimizer": "auto",
    "seed": 0,
    "deterministic": true,
    "cos_lr": false,
    "close_mosaic": 10,
    "amp": true,
    "iou_threshold": 0.7,
    "max_detections": 300,
    "learning_rate": {
      "lr0": 0.01,
      "lrf": 0.01
    },
    "momentum": 0.937,
    "weight_decay": 0.0005,
    "warmup_epochs": 3.0,
    "warmup_momentum": 0.8,
    "warmup_bias_lr": 0.1,
    "loss_weights": {
      "box": 7.5,
      "cls": 0.5,
      "dfl": 1.5
    },
    "augmentation": {
      "hsv_h": 0.015,
      "hsv_s": 0.7,
      "hsv_v": 0.4,
      "degrees": 0.0,
      "translate": 0.1,
      "scale": 0.5,
      "shear": 0.0,
      "perspective": 0.0,
      "flipud": 0.0,
      "fliplr": 0.5,
      "mosaic": 1.0,
      "mixup": 0.0
    }
  },
  "training_history": {
    "train_box_loss": [
      1.24001, 1.27554, 1.32468, 1.32705, 1.29086, 1.26931, 1.24717, 1.22523,
      1.20982, 1.18913, 1.18308, 1.16844, 1.15615, 1.14509, 1.13655, 1.12856,
      1.12283, 1.11052, 1.1032, 1.09583, 1.09121, 1.07953, 1.07369, 1.06592,
      1.05951, 1.05195, 1.04398, 1.03923, 1.03116, 1.02299, 0.98322, 0.96624,
      0.95329, 0.93931, 0.92833, 0.91568, 0.90593, 0.89591, 0.8847, 0.87359
    ],
    "train_cls_loss": [
      6.37597, 5.67046, 5.18362, 4.64917, 3.87477, 3.36366, 3.07313, 2.85813,
      2.70645, 2.57664, 2.45963, 2.35933, 2.29068, 2.19402, 2.1449, 2.0842,
      2.02883, 1.96742, 1.93078, 1.87898, 1.83769, 1.78986, 1.75054, 1.71227,
      1.67966, 1.64664, 1.60448, 1.57727, 1.54203, 1.50852, 1.14754, 1.08398,
      1.03882, 0.99593, 0.96301, 0.92887, 0.90362, 0.87084, 0.84706, 0.82514
    ],
    "train_dfl_loss": [
      1.37169, 1.40198, 1.42332, 1.40426, 1.36412, 1.34717, 1.32688, 1.31091,
      1.30445, 1.29205, 1.28173, 1.27323, 1.26585, 1.2585, 1.25179, 1.24989,
      1.24529, 1.23798, 1.23265, 1.22886, 1.22594, 1.22059, 1.21456, 1.21081,
      1.20504, 1.20213, 1.19634, 1.19437, 1.18875, 1.18471, 1.20849, 1.1972,
      1.18736, 1.17742, 1.17072, 1.16014, 1.15513, 1.14895, 1.1411, 1.13324
    ],
    "val_box_loss": [
      1.29319, 1.2859, 1.3285, 1.26001, 1.22025, 1.19406, 1.16583, 1.13779,
      1.11699, 1.09314, 1.08495, 1.06699, 1.05419, 1.04905, 1.03892, 1.0342,
      1.02843, 1.02364, 1.01893, 1.01489, 1.01137, 1.00792, 1.00534, 1.00338,
      1.00125, 0.99917, 0.99694, 0.99495, 0.99272, 0.99074, 0.98804, 0.98516,
      0.98208, 0.97892, 0.97593, 0.97317, 0.97037, 0.96816, 0.96565, 0.96329
    ],
    "val_cls_loss": [
      5.23965, 4.34061, 4.03764, 3.33516, 2.8023, 2.43134, 2.19014, 1.965,
      1.81818, 1.70184, 1.61589, 1.52625, 1.4707, 1.42154, 1.37698, 1.34257,
      1.31315, 1.29149, 1.27239, 1.2559, 1.23989, 1.22539, 1.21316, 1.20359,
      1.19417, 1.18457, 1.17525, 1.16629, 1.15666, 1.1477, 1.13642, 1.12391,
      1.1106, 1.09655, 1.08331, 1.07059, 1.05801, 1.04465, 1.0328, 1.02174
    ],
    "val_dfl_loss": [
      1.52246, 1.48638, 1.5216, 1.43038, 1.38055, 1.37113, 1.33624, 1.31387,
      1.29757, 1.27912, 1.26675, 1.25456, 1.24567, 1.23886, 1.22942, 1.22749,
      1.22322, 1.21982, 1.21659, 1.21344, 1.21054, 1.20791, 1.20596, 1.20454,
      1.20269, 1.20116, 1.19942, 1.19796, 1.19591, 1.19415, 1.19186, 1.18952,
      1.18687, 1.18396, 1.18118, 1.17873, 1.1766, 1.17441, 1.17226, 1.17018
    ],
    "precision": [
      0.69693, 0.71833, 0.66998, 0.67236, 0.6623, 0.70414, 0.70393, 0.70654,
      0.73863, 0.74798, 0.75274, 0.73233, 0.74768, 0.77416, 0.77274, 0.77514,
      0.78517, 0.79277, 0.80393, 0.80684, 0.79434, 0.80867, 0.78221, 0.77142,
      0.77645, 0.79033, 0.77844, 0.76924, 0.7718, 0.77618, 0.78775, 0.80059,
      0.7962, 0.80221, 0.80701, 0.81956, 0.81752, 0.82343, 0.82943, 0.82991
    ],
    "recall": [
      0.00741, 0.03959, 0.05622, 0.13552, 0.23984, 0.30336, 0.35794, 0.42956,
      0.46683, 0.50818, 0.52661, 0.56605, 0.57997, 0.58632, 0.60456, 0.62273,
      0.62785, 0.63426, 0.63591, 0.63863, 0.65415, 0.65011, 0.67042, 0.67968,
      0.67866, 0.67577, 0.68771, 0.6989, 0.69983, 0.7023, 0.70222, 0.70385,
      0.71189, 0.71792, 0.71908, 0.71905, 0.72505, 0.72506, 0.72578, 0.73038
    ],
    "mAP50": [
      0.0052, 0.04033, 0.06333, 0.17603, 0.30505, 0.40724, 0.47559, 0.53717,
      0.57099, 0.61521, 0.63032, 0.6559, 0.67446, 0.68936, 0.70608, 0.71595,
      0.72357, 0.73203, 0.73807, 0.74153, 0.74632, 0.7507, 0.75438, 0.75733,
      0.75964, 0.76259, 0.76618, 0.7694, 0.77175, 0.77523, 0.77948, 0.78395,
      0.78792, 0.79264, 0.79597, 0.79984, 0.80414, 0.80709, 0.8096, 0.81342
    ],
    "mAP50-95": [
      0.0034, 0.02689, 0.03947, 0.11935, 0.20979, 0.28462, 0.33482, 0.38232,
      0.40581, 0.44126, 0.4516, 0.47331, 0.48813, 0.5007, 0.51297, 0.52142,
      0.52901, 0.53545, 0.54014, 0.54384, 0.54722, 0.5507, 0.55504, 0.5572,
      0.5597, 0.56194, 0.56447, 0.56775, 0.57004, 0.57334, 0.57683, 0.58094,
      0.58477, 0.58881, 0.59262, 0.59639, 0.60035, 0.60247, 0.60519, 0.60848
    ]
  },
  "final_metrics": {
    "epoch": 40,
    "training_time_seconds": 34423.9,
    "training_time_hours": 9.56,
    "train_box_loss": 0.87359,
    "train_cls_loss": 0.82514,
    "train_dfl_loss": 1.13324,
    "val_box_loss": 0.96329,
    "val_cls_loss": 1.02174,
    "val_dfl_loss": 1.17018,
    "precision": 0.82991,
    "recall": 0.73038,
    "mAP50": 0.81342,
    "mAP50-95": 0.60848,
    "f1_score": 0.77713
  },
  "best_metrics": {
    "best_epoch": 40,
    "best_mAP50": 0.81342,
    "best_mAP50-95": 0.60848,
    "best_precision": 0.82991,
    "best_recall": 0.73038
  },
  "model_info": {
    "architecture": "YOLOv8n",
    "framework": "Ultralytics YOLO",
    "dataset": "LogoDet-3K",
    "num_classes": "3000+",
    "input_size": "640x640",
    "weights_path": "detection/runs/detect/logodet3k_yolov8s_baseline50/weights/best.pt"
  },
  "training_summary": {
    "total_epochs": 40,
    "training_duration": "9.56 hours",
    "convergence_status": "Converged",
    "early_stopping": false,
    "final_learning_rate": 0.0003475,
    "improvement_over_baseline": {
      "mAP50_increase": "156x (from 0.0052 to 0.81342)",
      "mAP50-95_increase": "178x (from 0.0034 to 0.60848)",
      "precision_increase": "19% (from 0.69693 to 0.82991)",
      "recall_increase": "98x (from 0.00741 to 0.73038)"
    }
  },
  "notes": [
    "YOLOv8n model trained on LogoDet-3K dataset for logo detection",
    "Training completed in 40 epochs with steady improvement",
    "Final mAP@0.5 of 81.34% indicates strong detection performance",
    "Final mAP@0.5:0.95 of 60.85% shows good performance across IoU thresholds",
    "Precision (82.99%) slightly higher than recall (73.04%) - model is more conservative",
    "Significant improvement from epoch 1 to epoch 40 across all metrics",
    "Model uses standard YOLO augmentation pipeline with mosaic and flip",
    "Training performed on single GPU (device 0) with AMP enabled"
  ]
}
