epoch,time,train/box_loss,train/cls_loss,train/dfl_loss,metrics/precision(B),metrics/recall(B),metrics/mAP50(B),metrics/mAP50-95(B),val/box_loss,val/cls_loss,val/dfl_loss,lr/pg0,lr/pg1,lr/pg2
1,54.7319,1.32799,4.66928,1.51424,0.32287,0.10664,0.09162,0.06025,1.27099,3.34911,1.5215,7.38477e-05,7.38477e-05,7.38477e-05
2,109.632,1.23286,3.93786,1.44875,0.38553,0.31993,0.31585,0.21268,1.22309,2.66805,1.50865,9.9058e-05,9.9058e-05,9.9058e-05
3,161.461,1.19075,3.51477,1.40972,0.46424,0.39783,0.42443,0.28899,1.17919,2.33586,1.46575,7.54282e-05,7.54282e-05,7.54282e-05
